﻿<?xml version="1.0" encoding="utf-8" ?>
<bookstore>
  <book genre='novel' ISBN='10-861003-324'>
    <title>The Handmaid's Tale</title>
    <price>19.95</price>
  </book>
  <book genre='fiction' ISBN='10-999003-122'>
    <title>The Voyager's Tale</title>
    <price>29.95</price>
  </book>
  <book genre='fiction' ISBN='21-595002-152'>
    <title>The Robotic Man</title>
    <price>25.95</price>
  </book>
  <book genre='novel' ISBN='1-861001-57-5'>
    <title>Pride And Prejudice</title>
    <price>24.95</price>
  </book>
</bookstore>